area,rate,cases
94121,1.004649,20
94123,1.000000,300
foo,1.0000,10
